{
  "project_info": {
    "project_number": "519557492718",
    "project_id": "fir-test-a6740",
    "storage_bucket": "fir-test-a6740.appspot.com"
  },
  "client": [
    {
      "client_info": {
        "mobilesdk_app_id": "1:519557492718:android:d880716c7a9d024d82a8ff",
        "android_client_info": {
          "package_name": "com.example.firebasetest"
        }
      },
      "oauth_client": [
        {
          "client_id": "519557492718-ujmtvv2gjf94qohrf6mf9dsvuorpth91.apps.googleusercontent.com",
          "client_type": 3
        }
      ],
      "api_key": [
        {
          "current_key": "AIzaSyD2FiczWUYK2O4BUfUylb-in6v63grrCU8"
        }
      ],
      "services": {
        "appinvite_service": {
          "other_platform_oauth_client": [
            {
              "client_id": "519557492718-ujmtvv2gjf94qohrf6mf9dsvuorpth91.apps.googleusercontent.com",
              "client_type": 3
            }
          ]
        }
      }
    }
  ],
  "configuration_version": "1"
}