<?xml version="1.0" encoding="UTF-8"?>
<issues format="6" by="lint 7.2.2" type="baseline" client="gradle" dependencies="false" name="AGP (7.2.2)" variant="all" version="7.2.2">

    <issue
        id="GradleCompatible"
        message="Version 28 (intended for Android Pie and below) is the last version of the legacy support library, so we recommend that you migrate to AndroidX libraries when using Android Q and moving forward. The IDE can help with this: Refactor > Migrate to AndroidX..."
        errorLine1="    implementation &apos;com.android.support:appcompat-v7:26.0.0-beta1&apos;"
        errorLine2="                   ~~~~~~~~~~~~~~~~~~~~~~~~~~~~~~~~~~~~~~~~~~~~~~~">
        <location
            file="build.gradle"
            line="45"
            column="20"/>
    </issue>

    <issue
        id="GradleCompatible"
        message="Version 28 (intended for Android Pie and below) is the last version of the legacy support library, so we recommend that you migrate to AndroidX libraries when using Android Q and moving forward. The IDE can help with this: Refactor > Migrate to AndroidX..."
        errorLine1="    implementation &apos;com.android.support:design:26.0.0-beta1&apos;"
        errorLine2="                   ~~~~~~~~~~~~~~~~~~~~~~~~~~~~~~~~~~~~~~~~~">
        <location
            file="build.gradle"
            line="49"
            column="20"/>
    </issue>

    <issue
        id="WifiManagerLeak"
        message="The WIFI_SERVICE must be looked up on the Application context or memory will leak on devices &lt; Android N. Try changing `getSystemService` to `getApplicationContext().getSystemService`"
        errorLine1="        WifiManager wifi = (WifiManager)getSystemService(Context.WIFI_SERVICE);"
        errorLine2="                                        ~~~~~~~~~~~~~~~~~~~~~~~~~~~~~~~~~~~~~~">
        <location
            file="src/main/java/com/example/nishanthkumarg/myapplication/MainActivity.java"
            line="21"
            column="41"/>
    </issue>

    <issue
        id="GradleDependency"
        message="A newer version of com.android.support:appcompat-v7 than 26.0.0-beta1 is available: 28.0.0"
        errorLine1="    implementation &apos;com.android.support:appcompat-v7:26.0.0-beta1&apos;"
        errorLine2="                   ~~~~~~~~~~~~~~~~~~~~~~~~~~~~~~~~~~~~~~~~~~~~~~~">
        <location
            file="build.gradle"
            line="45"
            column="20"/>
    </issue>

    <issue
        id="GradleDependency"
        message="A newer version of com.android.support.constraint:constraint-layout than 1.0.2 is available: 2.0.4"
        errorLine1="    implementation &apos;com.android.support.constraint:constraint-layout:1.0.2&apos;"
        errorLine2="                   ~~~~~~~~~~~~~~~~~~~~~~~~~~~~~~~~~~~~~~~~~~~~~~~~~~~~~~~~">
        <location
            file="build.gradle"
            line="46"
            column="20"/>
    </issue>

    <issue
        id="GradleDependency"
        message="A newer version of junit:junit than 4.12 is available: 4.13.2"
        errorLine1="    testImplementation &apos;junit:junit:4.12&apos;"
        errorLine2="                       ~~~~~~~~~~~~~~~~~~">
        <location
            file="build.gradle"
            line="47"
            column="24"/>
    </issue>

    <issue
        id="GradleDependency"
        message="A newer version of com.android.support:design than 26.0.0-beta1 is available: 26.1.0"
        errorLine1="    implementation &apos;com.android.support:design:26.0.0-beta1&apos;"
        errorLine2="                   ~~~~~~~~~~~~~~~~~~~~~~~~~~~~~~~~~~~~~~~~~">
        <location
            file="build.gradle"
            line="49"
            column="20"/>
    </issue>

    <issue
        id="IntentFilterExportedReceiver"
        message="As of Android 12, `android:exported` must be set; use `true` to make the activity \&#xA;available to other apps, and `false` otherwise. For launcher activities, this should be set to `true`."
        errorLine1="        &lt;activity android:name=&quot;.MainActivity&quot;>"
        errorLine2="         ~~~~~~~~">
        <location
            file="src/main/AndroidManifest.xml"
            line="12"
            column="10"/>
    </issue>

    <issue
        id="ExpiredTargetSdkVersion"
        message="Google Play requires that apps target API level 30 or higher.&#xA;"
        errorLine1="        targetSdkVersion 26"
        errorLine2="        ~~~~~~~~~~~~~~~~~~~">
        <location
            file="build.gradle"
            line="17"
            column="9"/>
    </issue>

    <issue
        id="Recycle"
        message="This animation should be started with `#start()`"
        errorLine1="        ObjectAnimator flipOutAnimator = ObjectAnimator.ofFloat(this, &quot;FlipOutView&quot;, 0, 90);"
        errorLine2="                                                        ~~~~~~~">
        <location
            file="src/main/java/com/example/nishanthkumarg/myapplication/MainActivity.java"
            line="39"
            column="57"/>
    </issue>

    <issue
        id="Recycle"
        message="This animation should be started with `#start()`"
        errorLine1="        ObjectAnimator flipOutAnimator1 = ObjectAnimator.ofFloat(this, &quot;FlipOutView1&quot;, 0, 90);"
        errorLine2="                                                         ~~~~~~~">
        <location
            file="src/main/java/com/example/nishanthkumarg/myapplication/MainActivity.java"
            line="40"
            column="58"/>
    </issue>

    <issue
        id="ObsoleteSdkInt"
        message="Unnecessary; SDK_INT is always >= 21"
        errorLine1="        if (Build.VERSION.SDK_INT >= 14) {"
        errorLine2="            ~~~~~~~~~~~~~~~~~~~~~~~~~~~">
        <location
            file="src/main/java/com/example/nishanthkumarg/myapplication/MainActivity.java"
            line="24"
            column="13"/>
    </issue>

    <issue
        id="ObsoleteSdkInt"
        message="Unnecessary; SDK_INT is always >= 21"
        errorLine1="        if (Build.VERSION.SDK_INT >= 14 &amp;&amp; Build.VERSION.SDK_INT &lt;= 20) {"
        errorLine2="            ~~~~~~~~~~~~~~~~~~~~~~~~~~~">
        <location
            file="src/main/java/com/example/nishanthkumarg/myapplication/MainActivity.java"
            line="28"
            column="13"/>
    </issue>

    <issue
        id="ObsoleteSdkInt"
        message="Unnecessary; SDK_INT is never &lt; 21"
        errorLine1="        if (Build.VERSION.SDK_INT >= 14 &amp;&amp; Build.VERSION.SDK_INT &lt;= 20) {"
        errorLine2="                                           ~~~~~~~~~~~~~~~~~~~~~~~~~~~">
        <location
            file="src/main/java/com/example/nishanthkumarg/myapplication/MainActivity.java"
            line="28"
            column="44"/>
    </issue>

    <issue
        id="ObsoleteSdkInt"
        message="Unnecessary; SDK_INT is always >= 21"
        errorLine1="        if (Build.VERSION.SDK_INT >= 14 &amp;&amp; Build.VERSION.SDK_INT &lt;= 22) {"
        errorLine2="            ~~~~~~~~~~~~~~~~~~~~~~~~~~~">
        <location
            file="src/main/java/com/example/nishanthkumarg/myapplication/MainActivity.java"
            line="32"
            column="13"/>
    </issue>

    <issue
        id="AnimatorKeep"
        message="This method is accessed from an ObjectAnimator so it should be annotated with `@Keep` to ensure that it is not discarded or renamed in release builds"
        errorLine1="    public void setFlipOutView(float abc){"
        errorLine2="                ~~~~~~~~~~~~~~~~~~~~~~~~~">
        <location
            file="src/main/java/com/example/nishanthkumarg/myapplication/MainActivity.java"
            line="44"
            column="17"/>
        <location
            file="src/main/java/com/example/nishanthkumarg/myapplication/MainActivity.java"
            line="39"
            column="71"
            message="ObjectAnimator usage here"/>
    </issue>

    <issue
        id="AnimatorKeep"
        message="This method is accessed from an ObjectAnimator so it should be annotated with `@Keep` to ensure that it is not discarded or renamed in release builds"
        errorLine1="    public void setFlipOutView1(float abc){"
        errorLine2="                ~~~~~~~~~~~~~~~~~~~~~~~~~~">
        <location
            file="src/main/java/com/example/nishanthkumarg/myapplication/MainActivity.java"
            line="48"
            column="17"/>
        <location
            file="src/main/java/com/example/nishanthkumarg/myapplication/MainActivity.java"
            line="40"
            column="72"
            message="ObjectAnimator usage here"/>
    </issue>

    <issue
        id="UnusedResources"
        message="The resource `R.mipmap.ic_launcher_round` appears to be unused">
        <location
            file="src/main/res/mipmap-hdpi/ic_launcher_round.webp"/>
    </issue>

</issues>
